,text,favorite_count,retweet_count,created_at
0,"rt @tut_ml: step-by-step roadmap to learn data science from scratch for free- 

#datascientist #programming #coding‚Ä¶",0,250,2023-01-07 10:09:45+00:00
1,"rt @tut_ml: step-by-step roadmap to learn data science from scratch for free- 

#datascientist #programming #coding‚Ä¶",0,250,2023-01-07 02:43:18+00:00
2,"rt @tut_ml: step-by-step roadmap to learn data science from scratch for free- 

#datascientist #programming #coding‚Ä¶",0,250,2023-01-06 22:52:36+00:00
3,"rt @tut_ml: step-by-step roadmap to learn data science from scratch for free- 

#datascientist #programming #coding‚Ä¶",0,250,2023-01-06 21:20:57+00:00
4,"rt @tut_ml: step-by-step roadmap to learn data science from scratch for free- 

#datascientist #programming #coding‚Ä¶",0,250,2023-01-06 21:19:36+00:00
5,"rt @tut_ml: step-by-step roadmap to learn data science from scratch for free- 

#datascientist #programming #coding‚Ä¶",0,250,2023-01-06 19:26:47+00:00
6,"rt @tut_ml: step-by-step roadmap to learn data science from scratch for free- 

#datascientist #programming #coding‚Ä¶",0,250,2023-01-06 19:23:27+00:00
7,"rt @tut_ml: step-by-step roadmap to learn data science from scratch for free- 

#datascientist #programming #coding‚Ä¶",0,250,2023-01-06 19:11:07+00:00
8,"rt @tut_ml: step-by-step roadmap to learn data science from scratch for free- 

#datascientist #programming #coding‚Ä¶",0,250,2023-01-06 18:59:28+00:00
9,"rt @tut_ml: step-by-step roadmap to learn data science from scratch for free- 

#datascientist #programming #coding‚Ä¶",0,250,2023-01-06 18:51:08+00:00
10,"rt @tut_ml: step-by-step roadmap to learn data science from scratch for free- 

#datascientist #programming #coding‚Ä¶",0,250,2023-01-06 17:56:20+00:00
11,"rt @tut_ml: step-by-step roadmap to learn data science from scratch for free- 

#datascientist #programming #coding‚Ä¶",0,250,2023-01-05 17:19:30+00:00
12,"rt @tut_ml: step-by-step roadmap to learn data science from scratch for free- 

#datascientist #programming #coding‚Ä¶",0,250,2023-01-05 16:33:31+00:00
13,"rt @tut_ml: step-by-step roadmap to learn data science from scratch for free- 

#datascientist #programming #coding‚Ä¶",0,250,2023-01-05 16:33:29+00:00
14,"rt @nayikwei: step-by-step roadmap to learn data science from scratch for free
üëáüèΩüëáüèΩüëáüèΩ


#datascientist #programming‚Ä¶",0,2,2023-01-05 14:45:24+00:00
15,"rt @essa_almazroei: step-by-step roadmap to learn data science from scratch for free- 

#datascientist #programming‚Ä¶",0,1,2023-01-05 14:29:23+00:00
16,"rt @tut_ml: step-by-step roadmap to learn data science from scratch for free- 

#datascientist #programming #coding‚Ä¶",0,250,2023-01-05 01:17:05+00:00
17,"rt @tut_ml: step-by-step roadmap to learn data science from scratch for free- 

#datascientist #programming #coding‚Ä¶",0,250,2023-01-04 22:52:52+00:00
18,"rt @tut_ml: step-by-step roadmap to learn data science from scratch for free- 

#datascientist #programming #coding‚Ä¶",0,250,2023-01-04 19:59:57+00:00
19,"rt @tut_ml: step-by-step roadmap to learn data science from scratch for free- 

#datascientist #programming #coding‚Ä¶",0,250,2023-01-04 19:13:22+00:00
20,"rt @tut_ml: step-by-step roadmap to learn data science from scratch for free- 

#datascientist #programming #coding‚Ä¶",0,250,2023-01-04 18:38:30+00:00
21,"rt @tut_ml: step-by-step roadmap to learn data science from scratch for free- 

#datascientist #programming #coding‚Ä¶",0,250,2023-01-04 17:42:09+00:00
22,"rt @tut_ml: step-by-step roadmap to learn data science from scratch for free- 

#datascientist #programming #coding‚Ä¶",0,250,2023-01-04 16:18:56+00:00
23,"rt @tut_ml: step-by-step roadmap to learn data science from scratch for free- 

#datascientist #programming #coding‚Ä¶",0,250,2023-01-04 14:19:58+00:00
24,"rt @tut_ml: step-by-step roadmap to learn data science from scratch for free- 

#datascientist #programming #coding‚Ä¶",0,250,2023-01-04 13:55:01+00:00
25,"rt @tut_ml: step-by-step roadmap to learn data science from scratch for free- 

#datascientist #programming #coding‚Ä¶",0,250,2023-01-04 08:25:18+00:00
26,"rt @tut_ml: step-by-step roadmap to learn data science from scratch for free- 

#datascientist #programming #coding‚Ä¶",0,250,2023-01-04 07:05:17+00:00
27,"rt @tut_ml: step-by-step roadmap to learn data science from scratch for free- 

#datascientist #programming #coding‚Ä¶",0,250,2023-01-04 01:26:43+00:00
28,"rt @tut_ml: step-by-step roadmap to learn data science from scratch for free- 

#datascientist #programming #coding‚Ä¶",0,250,2023-01-03 22:55:47+00:00
29,"rt @tut_ml: step-by-step roadmap to learn data science from scratch for free- 

#datascientist #programming #coding‚Ä¶",0,250,2023-01-03 15:50:03+00:00
30,"rt @tut_ml: step-by-step roadmap to learn data science from scratch for free- 

#datascientist #programming #coding‚Ä¶",0,250,2023-01-03 11:58:25+00:00
31,"rt @tut_ml: step-by-step roadmap to learn data science from scratch for free- 

#datascientist #programming #coding‚Ä¶",0,250,2023-01-03 11:11:18+00:00
32,"rt @nayikwei: step-by-step roadmap to learn data science from scratch for free
üëáüèΩüëáüèΩüëáüèΩ


#datascientist #programming‚Ä¶",0,2,2023-01-03 10:16:03+00:00
33,"step-by-step roadmap to learn data science from scratch for free
üëáüèΩüëáüèΩüëáüèΩ


#datascientist #programming #coding #sql #python.#bigdata #analytics #datascience #ai #machinelearning #iot #vr #ar #ux #ui ",1,2,2023-01-03 10:13:14+00:00
34,"rt @tut_ml: step-by-step roadmap to learn data science from scratch for free- 

#datascientist #programming #coding‚Ä¶",0,250,2023-01-03 10:02:16+00:00
35,"rt @tut_ml: step-by-step roadmap to learn data science from scratch for free- 

#datascientist #programming #coding‚Ä¶",0,250,2023-01-03 09:50:50+00:00
36,"rt @tut_ml: step-by-step roadmap to learn data science from scratch for free- 

#datascientist #programming #coding‚Ä¶",0,250,2023-01-03 09:49:13+00:00
37,"rt @tut_ml: step-by-step roadmap to learn data science from scratch for free- 

#datascientist #programming #coding‚Ä¶",0,250,2023-01-03 09:38:48+00:00
38,"rt @tut_ml: step-by-step roadmap to learn data science from scratch for free- 

#datascientist #programming #coding‚Ä¶",0,250,2023-01-03 01:22:30+00:00
39,"rt @tut_ml: step-by-step roadmap to learn data science from scratch for free- 

#datascientist #programming #coding‚Ä¶",0,250,2023-01-02 21:36:34+00:00
40,"step-by-step roadmap to learn data science from scratch for free- 

#datascientist #programming #coding #100daysofcode #sql #python.#bigdata #analytics #datascience #ai #machinelearning #iot #iiot #tensorflow #ai #ainews 

  ",0,1,2023-01-02 19:38:30+00:00
41,"rt @tut_ml: step-by-step roadmap to learn data science from scratch for free- 

#datascientist #programming #coding‚Ä¶",0,250,2023-01-02 19:16:53+00:00
42,"rt @tut_ml: step-by-step roadmap to learn data science from scratch for free- 

#datascientist #programming #coding‚Ä¶",0,250,2023-01-02 15:56:35+00:00
43,"rt @tut_ml: step-by-step roadmap to learn data science from scratch for free- 

#datascientist #programming #coding‚Ä¶",0,250,2023-01-02 15:20:51+00:00
44,data science from scratch [curriculum with 20 free online courses] #bigdata #computervision #dataanalysis ,0,0,2023-01-02 04:45:28+00:00
45,"data science from scratch: first principles with python o7kreob

 ",0,0,2023-01-01 20:04:17+00:00
46,"rt @tut_ml: step-by-step roadmap to learn data science from scratch for free- 

#datascientist #programming #coding‚Ä¶",0,250,2023-01-01 17:28:19+00:00
47,"rt @tut_ml: step-by-step roadmap to learn data science from scratch for free- 

#datascientist #programming #coding‚Ä¶",0,250,2023-01-01 16:31:50+00:00
48,"data science from scratch: first principles with python 8nmgknd

 ",0,0,2023-01-01 07:42:37+00:00
49,"python for data analysis: the top guide for beginners to discovering data science from scratch, data analysis, analytics &amp; ma kfrqetk

 ",0,0,2023-01-01 06:15:35+00:00
50,"rt @tut_ml: step-by-step roadmap to learn data science from scratch for free- 

#datascientist #programming #coding‚Ä¶",0,250,2022-12-31 20:32:44+00:00
51,"rt @tut_ml: step-by-step roadmap to learn data science from scratch for free- 

#datascientist #programming #coding‚Ä¶",0,250,2022-12-31 10:14:20+00:00
52,"data science from scratch: first principles with python lqczsnk

 ",0,0,2022-12-31 01:36:16+00:00
53,rt @digitalhealthxx: data science from scratch! #bigdata #analytics #datascience #ai #machinelearning #iot #iiot #pytorch #python #rstats #‚Ä¶,0,9,2022-12-30 22:59:42+00:00
54,"rt @tut_ml: step-by-step roadmap to learn data science from scratch for free- 

#datascientist #programming #coding‚Ä¶",0,250,2022-12-30 20:11:23+00:00
55,rt @digitalhealthxx: data science from scratch! #bigdata #analytics #datascience #ai #machinelearning #iot #iiot #pytorch #python #rstats #‚Ä¶,0,9,2022-12-30 18:19:42+00:00
56,"rt @tut_ml: step-by-step roadmap to learn data science from scratch for free- 

#datascientist #programming #coding‚Ä¶",0,250,2022-12-30 17:53:30+00:00
57,"rt @tut_ml: step-by-step roadmap to learn data science from scratch for free- 

#datascientist #programming #coding‚Ä¶",0,250,2022-12-30 15:42:21+00:00
58,"rt @tut_ml: step-by-step roadmap to learn data science from scratch for free- 

#datascientist #programming #coding‚Ä¶",0,250,2022-12-30 15:29:28+00:00
59,"data science from scratch: first principles with python btsephb

 ",0,0,2022-12-30 13:16:27+00:00
60,@gp_pulipaka what's the best book to begin data science from scratch,0,0,2022-12-30 12:55:07+00:00
61,"rt @tut_ml: step-by-step roadmap to learn data science from scratch for free- 

#datascientist #programming #coding‚Ä¶",0,250,2022-12-30 12:47:03+00:00
62,"rt @tut_ml: step-by-step roadmap to learn data science from scratch for free- 

#datascientist #programming #coding‚Ä¶",0,250,2022-12-30 07:16:15+00:00
63,"rt @tut_ml: step-by-step roadmap to learn data science from scratch for free- 

#datascientist #programming #coding‚Ä¶",0,250,2022-12-30 07:02:52+00:00
64,"rt @tut_ml: step-by-step roadmap to learn data science from scratch for free- 

#datascientist #programming #coding‚Ä¶",0,250,2022-12-30 07:02:35+00:00
65,"rt @tut_ml: step-by-step roadmap to learn data science from scratch for free- 

#datascientist #programming #coding‚Ä¶",0,250,2022-12-30 03:46:13+00:00
66,"rt @tut_ml: step-by-step roadmap to learn data science from scratch for free- 

#datascientist #programming #coding‚Ä¶",0,250,2022-12-30 03:44:03+00:00
67,rt @digitalhealthxx: data science from scratch! #bigdata #analytics #datascience #ai #machinelearning #iot #iiot #pytorch #python #rstats #‚Ä¶,0,9,2022-12-30 00:02:46+00:00
68,rt @digitalhealthxx: data science from scratch! #bigdata #analytics #datascience #ai #machinelearning #iot #iiot #pytorch #python #rstats #‚Ä¶,0,9,2022-12-30 00:00:11+00:00
69,rt @digitalhealthxx: data science from scratch! #bigdata #analytics #datascience #ai #machinelearning #iot #iiot #pytorch #python #rstats #‚Ä¶,0,9,2022-12-30 00:00:04+00:00
70,"rt @tut_ml: step-by-step roadmap to learn data science from scratch for free- 

#datascientist #programming #coding‚Ä¶",0,250,2022-12-29 23:49:12+00:00
71,"data science from scratch: the #1 data science guide for everything a data scientist needs to know: python, linear algebra, s e4p0tmv

 ",0,0,2022-12-29 22:50:37+00:00
72,"data science from scratch: first principles with python kmxp3cv

 ",0,0,2022-12-29 22:12:14+00:00
73,"rt @tut_ml: step-by-step roadmap to learn data science from scratch for free- 

#datascientist #programming #coding‚Ä¶",0,250,2022-12-29 17:10:37+00:00
74,"data science from scratch: the #1 data science guide for everything a data scientist needs to know: python, linear algebra, s kghwdrc

 ",0,0,2022-12-29 14:22:30+00:00
75,rt @digitalhealthxx: data science from scratch! #bigdata #analytics #datascience #ai #machinelearning #iot #iiot #pytorch #python #rstats #‚Ä¶,0,9,2022-12-29 12:30:21+00:00
76,"rt @tut_ml: step-by-step roadmap to learn data science from scratch for free- 

#datascientist #programming #coding‚Ä¶",0,250,2022-12-28 20:45:25+00:00
77,rt @digitalhealthxx: data science from scratch! #bigdata #analytics #datascience #ai #machinelearning #iot #iiot #pytorch #python #rstats #‚Ä¶,0,9,2022-12-28 15:19:34+00:00
78,rt @digitalhealthxx: data science from scratch! #bigdata #analytics #datascience #ai #machinelearning #iot #iiot #pytorch #python #rstats #‚Ä¶,0,9,2022-12-28 14:39:30+00:00
79,"data science from scratch! #bigdata #analytics #datascience #ai #machinelearning #iot #iiot #pytorch #python #rstats #tensorflow #java #javascript #reactjs #cloudcomputing #serverless #datascientist #linux #books #programming #coding #100daysofcode  
 ",13,9,2022-12-28 14:34:19+00:00
80,"rt @kirkdborne: learn #datascience from scratch [using this curriculum with 20 free online courses]
‚Äî‚Äî‚Äî‚Äî‚Äî
#bigdata #datascientists #analyti‚Ä¶",0,6,2022-12-28 12:58:24+00:00
81,"rt @tut_ml: step-by-step roadmap to learn data science from scratch for free- 

#datascientist #programming #coding‚Ä¶",0,250,2022-12-28 06:44:57+00:00
